
--
-- Dumping data for table `est_unidade_produto`
--
-- ORDER BY:  `id`
/*!40000 ALTER TABLE `est_unidade_produto` DISABLE KEYS */;
INSERT INTO `est_unidade_produto` (`id`, `descricao`, `fator`, `inserted`, `updated`, `label`, `version`) VALUES (1,'UNIDADE',1,'2014-09-16 15:44:49','2014-09-16 15:44:49','UN',0),(2,'QUILO',1,'2014-09-16 15:45:56','2014-09-16 15:45:56','KG',0),(3,'CONJUNTO',1,'2014-09-16 15:46:03','2014-09-16 15:46:03','CJ',0),(4,'PAR',1,'2014-09-16 15:46:09','2014-09-16 15:46:09','PAR',0),(5,'PACOTE COM 3',3,'2014-09-16 15:46:21','2014-09-16 15:46:21','PCT3',0),(6,'MEIA-DÚZIA',6,'2014-09-16 15:46:33','2014-09-16 15:46:33','MDZ',0),(7,'DÚZIA',12,'2014-09-16 15:46:40','2014-09-16 15:46:40','DZ',0),(8,'METRO',1,'2014-09-16 15:46:46','2014-09-16 15:46:46','MT',0),(9,'PACOTE COM 5',5,'2014-09-16 15:46:57','2014-09-16 15:46:57','PCT5',0),(10,'ROLO COM 30 METROS',30,'2014-09-16 15:47:15','2014-09-16 15:47:15','30M',0);
/*!40000 ALTER TABLE `est_unidade_produto` ENABLE KEYS */;

--
-- Dumping data for table `est_grade`
--
-- ORDER BY:  `id`
/*!40000 ALTER TABLE `est_grade` DISABLE KEYS */;
INSERT INTO `est_grade` (`id`, `codigo`, `decimais`, `inserted`, `updated`, `obs`, `version`, `unidade_produto_id`) VALUES (1,1,'\0','2014-09-16 16:03:19','2014-09-16 16:06:16',NULL,7,1),(2,2,'\0','2014-09-16 16:03:25','2014-09-16 16:06:48',NULL,10,1),(3,3,'\0','2014-09-16 16:03:30','2014-09-16 16:07:34',NULL,12,1),(4,4,'\0','2014-09-16 16:03:34','2014-09-16 16:08:08',NULL,12,1),(5,5,'\0','2014-09-16 16:03:37','2014-09-16 16:08:49',NULL,13,4),(6,6,'\0','2014-09-16 16:03:44','2014-09-16 16:09:13',NULL,13,4),(7,7,'\0','2014-09-16 16:03:47','2014-09-16 16:09:41',NULL,13,4),(8,8,'\0','2014-09-16 16:03:50','2014-09-16 16:10:08',NULL,12,1),(9,9,'\0','2014-09-16 16:03:53','2014-09-16 16:10:25',NULL,8,1),(10,10,'','2014-09-16 16:03:57','2014-09-16 16:10:31',NULL,2,8),(11,11,'\0','2014-09-16 16:04:01','2014-09-16 16:10:34',NULL,1,1),(12,12,'','2014-09-16 16:04:04','2014-09-16 16:10:40',NULL,2,2),(13,13,'\0','2014-09-16 16:04:09','2014-09-16 16:10:56',NULL,8,1),(14,14,'\0','2014-09-16 16:04:13','2014-09-16 16:11:14',NULL,10,1),(15,16,'\0','2014-09-16 16:04:22','2014-09-16 16:11:49',NULL,12,4);
/*!40000 ALTER TABLE `est_grade` ENABLE KEYS */;

--
-- Dumping data for table `est_grade_tamanho`
--
-- ORDER BY:  `id`
/*!40000 ALTER TABLE `est_grade_tamanho` DISABLE KEYS */;
INSERT INTO `est_grade_tamanho` (`id`, `inserted`, `updated`, `ordem`, `tamanho`, `version`, `grade_id`) VALUES (1,'2014-09-16 16:05:54','2014-09-16 16:05:54',1,'PP',0,1),(2,'2014-09-16 16:05:57','2014-09-16 16:05:57',2,'P',0,1),(3,'2014-09-16 16:06:00','2014-09-16 16:06:00',3,'M',0,1),(4,'2014-09-16 16:06:04','2014-09-16 16:06:04',4,'G',0,1),(5,'2014-09-16 16:06:08','2014-09-16 16:06:08',5,'XG',0,1),(6,'2014-09-16 16:06:11','2014-09-16 16:06:11',6,'SG',0,1),(7,'2014-09-16 16:06:16','2014-09-16 16:06:16',7,'SS',0,1),(8,'2014-09-16 16:06:25','2014-09-16 16:06:25',1,'0',0,2),(9,'2014-09-16 16:06:27','2014-09-16 16:06:27',2,'1',0,2),(10,'2014-09-16 16:06:30','2014-09-16 16:06:30',3,'2',0,2),(11,'2014-09-16 16:06:32','2014-09-16 16:06:32',4,'3',0,2),(12,'2014-09-16 16:06:34','2014-09-16 16:06:34',5,'4',0,2),(13,'2014-09-16 16:06:38','2014-09-16 16:06:38',6,'5',0,2),(14,'2014-09-16 16:06:39','2014-09-16 16:06:39',7,'6',0,2),(15,'2014-09-16 16:06:42','2014-09-16 16:06:42',8,'7',0,2),(16,'2014-09-16 16:06:45','2014-09-16 16:06:45',9,'8',0,2),(17,'2014-09-16 16:06:48','2014-09-16 16:06:48',10,'9',0,2),(18,'2014-09-16 16:07:03','2014-09-16 16:07:03',1,'00',0,3),(19,'2014-09-16 16:07:06','2014-09-16 16:07:06',2,'01',0,3),(20,'2014-09-16 16:07:09','2014-09-16 16:07:09',3,'02',0,3),(21,'2014-09-16 16:07:12','2014-09-16 16:07:12',4,'03',0,3),(22,'2014-09-16 16:07:16','2014-09-16 16:07:16',5,'04',0,3),(23,'2014-09-16 16:07:19','2014-09-16 16:07:19',6,'06',0,3),(24,'2014-09-16 16:07:23','2014-09-16 16:07:23',7,'08',0,3),(25,'2014-09-16 16:07:26','2014-09-16 16:07:26',8,'10',0,3),(26,'2014-09-16 16:07:28','2014-09-16 16:07:28',9,'12',0,3),(27,'2014-09-16 16:07:31','2014-09-16 16:07:31',10,'14',0,3),(28,'2014-09-16 16:07:32','2014-09-16 16:07:32',11,'16',0,3),(29,'2014-09-16 16:07:34','2014-09-16 16:07:34',12,'18',0,3),(30,'2014-09-16 16:07:41','2014-09-16 16:07:41',1,'34',0,4),(31,'2014-09-16 16:07:43','2014-09-16 16:07:43',2,'36',0,4),(32,'2014-09-16 16:07:45','2014-09-16 16:07:45',3,'38',0,4),(33,'2014-09-16 16:07:48','2014-09-16 16:07:48',4,'40',0,4),(34,'2014-09-16 16:07:50','2014-09-16 16:07:50',5,'42',0,4),(35,'2014-09-16 16:07:55','2014-09-16 16:07:55',6,'44',0,4),(36,'2014-09-16 16:07:58','2014-09-16 16:07:58',7,'46',0,4),(37,'2014-09-16 16:08:02','2014-09-16 16:08:02',8,'48',0,4),(38,'2014-09-16 16:08:04','2014-09-16 16:08:04',9,'50',0,4),(39,'2014-09-16 16:08:05','2014-09-16 16:08:05',10,'52',0,4),(40,'2014-09-16 16:08:07','2014-09-16 16:08:07',11,'54',0,4),(41,'2014-09-16 16:08:08','2014-09-16 16:08:08',12,'56',0,4),(42,'2014-09-16 16:08:29','2014-09-16 16:08:29',1,'17',0,5),(43,'2014-09-16 16:08:31','2014-09-16 16:08:31',2,'18',0,5),(44,'2014-09-16 16:08:33','2014-09-16 16:08:33',3,'19',0,5),(45,'2014-09-16 16:08:35','2014-09-16 16:08:35',4,'20',0,5),(46,'2014-09-16 16:08:36','2014-09-16 16:08:36',5,'21',0,5),(47,'2014-09-16 16:08:38','2014-09-16 16:08:38',6,'22',0,5),(48,'2014-09-16 16:08:39','2014-09-16 16:08:39',7,'23',0,5),(49,'2014-09-16 16:08:41','2014-09-16 16:08:41',8,'24',0,5),(50,'2014-09-16 16:08:43','2014-09-16 16:08:43',9,'25',0,5),(51,'2014-09-16 16:08:46','2014-09-16 16:08:46',10,'26',0,5),(52,'2014-09-16 16:08:47','2014-09-16 16:08:47',11,'27',0,5),(53,'2014-09-16 16:08:49','2014-09-16 16:08:49',12,'28',0,5),(54,'2014-09-16 16:08:55','2014-09-16 16:08:55',1,'23',0,6),(55,'2014-09-16 16:08:57','2014-09-16 16:08:57',2,'24',0,6),(56,'2014-09-16 16:08:59','2014-09-16 16:08:59',3,'25',0,6),(57,'2014-09-16 16:09:01','2014-09-16 16:09:01',4,'26',0,6),(58,'2014-09-16 16:09:02','2014-09-16 16:09:02',5,'27',0,6),(59,'2014-09-16 16:09:04','2014-09-16 16:09:04',6,'28',0,6),(60,'2014-09-16 16:09:05','2014-09-16 16:09:05',7,'29',0,6),(61,'2014-09-16 16:09:07','2014-09-16 16:09:07',8,'30',0,6),(62,'2014-09-16 16:09:08','2014-09-16 16:09:08',9,'31',0,6),(63,'2014-09-16 16:09:10','2014-09-16 16:09:10',10,'32',0,6),(64,'2014-09-16 16:09:11','2014-09-16 16:09:11',11,'33',0,6),(65,'2014-09-16 16:09:13','2014-09-16 16:09:13',12,'34',0,6),(66,'2014-09-16 16:09:18','2014-09-16 16:09:18',1,'33',0,7),(67,'2014-09-16 16:09:21','2014-09-16 16:09:21',2,'34',0,7),(68,'2014-09-16 16:09:23','2014-09-16 16:09:23',3,'35',0,7),(69,'2014-09-16 16:09:25','2014-09-16 16:09:25',4,'36',0,7),(70,'2014-09-16 16:09:28','2014-09-16 16:09:28',5,'37',0,7),(71,'2014-09-16 16:09:30','2014-09-16 16:09:30',6,'38',0,7),(72,'2014-09-16 16:09:32','2014-09-16 16:09:32',7,'39',0,7),(73,'2014-09-16 16:09:34','2014-09-16 16:09:34',8,'40',0,7),(74,'2014-09-16 16:09:36','2014-09-16 16:09:36',9,'41',0,7),(75,'2014-09-16 16:09:37','2014-09-16 16:09:37',10,'42',0,7),(76,'2014-09-16 16:09:39','2014-09-16 16:09:39',11,'43',0,7),(77,'2014-09-16 16:09:41','2014-09-16 16:09:41',12,'44',0,7),(78,'2014-09-16 16:09:48','2014-09-16 16:09:48',1,'10',0,8),(79,'2014-09-16 16:09:51','2014-09-16 16:09:51',2,'11',0,8),(80,'2014-09-16 16:09:53','2014-09-16 16:09:53',3,'12',0,8),(81,'2014-09-16 16:09:54','2014-09-16 16:09:54',4,'13',0,8),(82,'2014-09-16 16:09:55','2014-09-16 16:09:55',5,'14',0,8),(83,'2014-09-16 16:09:57','2014-09-16 16:09:57',6,'15',0,8),(84,'2014-09-16 16:09:58','2014-09-16 16:09:58',7,'16',0,8),(85,'2014-09-16 16:09:59','2014-09-16 16:09:59',8,'17',0,8),(86,'2014-09-16 16:10:01','2014-09-16 16:10:01',9,'18',0,8),(87,'2014-09-16 16:10:03','2014-09-16 16:10:03',10,'19',0,8),(88,'2014-09-16 16:10:04','2014-09-16 16:10:04',11,'20',0,8),(89,'2014-09-16 16:10:08','2014-09-16 16:10:08',12,'21',0,8),(90,'2014-09-16 16:10:13','2014-09-16 16:10:13',1,'15',0,9),(91,'2014-09-16 16:10:16','2014-09-16 16:10:16',2,'16',0,9),(92,'2014-09-16 16:10:18','2014-09-16 16:10:18',3,'17',0,9),(93,'2014-09-16 16:10:19','2014-09-16 16:10:19',4,'18',0,9),(94,'2014-09-16 16:10:21','2014-09-16 16:10:21',5,'19',0,9),(95,'2014-09-16 16:10:22','2014-09-16 16:10:22',6,'20',0,9),(96,'2014-09-16 16:10:23','2014-09-16 16:10:23',7,'21',0,9),(97,'2014-09-16 16:10:25','2014-09-16 16:10:25',8,'24',0,9),(98,'2014-09-16 16:10:31','2014-09-16 16:10:31',1,'MT',0,10),(99,'2014-09-16 16:10:34','2014-09-16 16:10:34',1,'UN',0,11),(100,'2014-09-16 16:10:40','2014-09-16 16:10:40',1,'KG',0,12),(101,'2014-09-16 16:10:44','2014-09-16 16:10:44',1,'48',0,13),(102,'2014-09-16 16:10:46','2014-09-16 16:10:46',2,'50',0,13),(103,'2014-09-16 16:10:48','2014-09-16 16:10:48',3,'52',0,13),(104,'2014-09-16 16:10:49','2014-09-16 16:10:49',4,'54',0,13),(105,'2014-09-16 16:10:51','2014-09-16 16:10:51',5,'56',0,13),(106,'2014-09-16 16:10:53','2014-09-16 16:10:53',6,'58',0,13),(107,'2014-09-16 16:10:54','2014-09-16 16:10:54',7,'60',0,13),(108,'2014-09-16 16:10:56','2014-09-16 16:10:56',8,'62',0,13),(109,'2014-09-16 16:11:00','2014-09-16 16:11:00',1,'M',0,14),(110,'2014-09-16 16:11:02','2014-09-16 16:11:02',2,'G',0,14),(111,'2014-09-16 16:11:03','2014-09-16 16:11:03',3,'G1',0,14),(112,'2014-09-16 16:11:05','2014-09-16 16:11:05',4,'G2',0,14),(113,'2014-09-16 16:11:06','2014-09-16 16:11:06',5,'G3',0,14),(114,'2014-09-16 16:11:07','2014-09-16 16:11:07',6,'G4',0,14),(115,'2014-09-16 16:11:09','2014-09-16 16:11:09',7,'G5',0,14),(116,'2014-09-16 16:11:10','2014-09-16 16:11:10',8,'G6',0,14),(117,'2014-09-16 16:11:12','2014-09-16 16:11:12',9,'G7',0,14),(118,'2014-09-16 16:11:14','2014-09-16 16:11:14',10,'G8',0,14),(119,'2014-09-16 16:11:30','2014-09-16 16:11:30',1,'24',0,15),(120,'2014-09-16 16:11:33','2014-09-16 16:11:33',2,'25',0,15),(121,'2014-09-16 16:11:34','2014-09-16 16:11:34',3,'26',0,15),(122,'2014-09-16 16:11:36','2014-09-16 16:11:36',4,'27',0,15),(123,'2014-09-16 16:11:37','2014-09-16 16:11:37',5,'28',0,15),(124,'2014-09-16 16:11:39','2014-09-16 16:11:39',6,'29',0,15),(125,'2014-09-16 16:11:42','2014-09-16 16:11:42',7,'30',0,15),(126,'2014-09-16 16:11:43','2014-09-16 16:11:43',8,'31',0,15),(127,'2014-09-16 16:11:44','2014-09-16 16:11:44',9,'32',0,15),(128,'2014-09-16 16:11:46','2014-09-16 16:11:46',10,'33',0,15),(129,'2014-09-16 16:11:47','2014-09-16 16:11:47',11,'34',0,15),(130,'2014-09-16 16:11:49','2014-09-16 16:11:49',12,'35',0,15);
/*!40000 ALTER TABLE `est_grade_tamanho` ENABLE KEYS */;
